Dependents,ApplicantIncome,CoapplicantIncome,LoanAmount,Loan_Amount_Term,Credit_History,Gender_Male,Married_Yes,Education_Not Graduate,Self_Employed_Yes,Property_Area_Semiurban,Property_Area_Urban,TotalIncome,TotalIncomeByPerson,Cuota,%Cuota,Loan_Status
0.6666666666666666,0.026849603191812284,0.0349437204502364,0.07380607814761216,0.5945945945945945,1.0,1.0,1.0,1.0,0.0,0.0,1.0,0.04787290859478932,0.010302931234645523,0.040882543802725504,0.04193484918082005,0
1.0,0.9999999999999999,0.0,1.0,0.5945945945945945,1.0,1.0,1.0,0.0,0.0,0.0,1.0,0.8841388217243965,0.20902243258947806,0.5392602206359507,0.04441099933910261,0
0.6666666666666666,0.041540179539442265,0.11039911680706554,0.24167872648335742,0.7297297297297298,1.0,1.0,1.0,0.0,1.0,0.0,0.0,0.13735543449762577,0.039622834366012744,0.10837118754055808,0.050289653282154755,0
1.0,0.2313792879136127,0.0,0.38494934876989867,0.7297297297297298,1.0,1.0,1.0,0.0,0.0,0.0,0.0,0.19571571454928577,0.03984555745002748,0.17261518494484104,0.05965484672983485,0
0.0,0.04603950735070901,0.10319917440660475,0.16208393632416784,0.7297297297297298,1.0,1.0,1.0,0.0,0.0,0.0,0.0,0.13410240724017053,0.14937758841012697,0.072680077871512,0.033533865201541446,0
1.0,0.05978143024415625,0.0,0.09406657018813314,0.7297297297297298,1.0,1.0,1.0,1.0,0.0,1.0,0.0,0.04202231479593323,0.0020760973188515587,0.04218040233614536,0.04697638358394036,0
0.0,0.07853766425256943,0.03935968512251902,0.17221418234442834,0.7297297297297298,1.0,1.0,0.0,0.0,0.0,0.0,0.0,0.09863469960478145,0.11451347136596456,0.0772225827384815,0.04681785663458864,0
0.0,0.26740101478815187,0.0,0.3256150506512301,0.7297297297297298,1.0,1.0,1.0,0.0,0.0,1.0,0.0,0.22797894757285325,0.24165653475494278,0.14600908500973395,0.04308907177570045,0
0.0,0.1225280801422437,0.0,0.16787264833574528,0.7297297297297298,1.0,1.0,1.0,0.0,0.0,0.0,0.0,0.09822200211689534,0.11410779717722346,0.07527579493835172,0.04574587470076069,0
0.0,0.13640552495771704,0.0,0.2127351664254703,0.7297297297297298,1.0,0.0,0.0,0.0,0.0,0.0,1.0,0.11065147939911245,0.12632574921460277,0.0953926022063595,0.05302542672898766,0
0.6666666666666666,0.059239342556051816,0.03743970048239614,0.18089725036179446,0.7297297297297298,1.0,1.0,1.0,0.0,0.0,0.0,1.0,0.07940785193385187,0.020635691453757304,0.08111615833874107,0.05851834316146668,0
0.0,0.1027418795264321,0.0,0.21562952243125902,1.0,1.0,1.0,1.0,0.0,0.0,1.0,0.0,0.08050028646060924,0.09668767024892877,0.07105775470473719,0.05055320986073025,0
1.0,0.10092588577128228,0.0,0.13169319826338638,0.7297297297297298,1.0,1.0,1.0,0.0,0.0,1.0,0.0,0.0788737728318816,0.011132177002807497,0.05905256327060351,0.042449326113627305,0
0.0,0.12813868771412454,0.10000719994240047,0.24023154848046308,0.7297297297297298,1.0,1.0,1.0,0.0,0.0,1.0,0.0,0.20440663811771104,0.21848537962155357,0.10772225827384814,0.034380380984218105,0
0.0,0.0970228544169304,0.0,0.15340086830680172,0.7297297297297298,1.0,0.0,0.0,0.0,0.0,1.0,0.0,0.07537798234625805,0.09165253767102441,0.06878650227125244,0.051424982262039384,0
0.0,0.09485450366451269,0.0,0.1606367583212735,0.7297297297297298,1.0,1.0,1.0,1.0,0.0,0.0,0.0,0.07343587652091162,0.0897434826651839,0.07203114860480207,0.054976107928610685,0
0.3333333333333333,0.0517314280758055,0.03743970048239614,0.11722141823444283,0.7297297297297298,1.0,0.0,0.0,0.0,0.0,0.0,1.0,0.07268331051358988,0.036075173813492456,0.05256327060350422,0.04012552088600089,0
1.0,0.07813109848649111,0.023591811265509875,0.13169319826338638,0.7297297297297298,1.0,1.0,1.0,1.0,0.0,1.0,0.0,0.0823210106718715,0.011979320161649227,0.05905256327060351,0.0410346854300266,0
0.0,0.2199683420790145,0.0,0.3169319826338639,0.7297297297297298,1.0,1.0,1.0,0.0,0.0,1.0,0.0,0.1854953826434002,0.19989595650218156,0.1421155094094744,0.050996836103096126,0
1.0,0.055878398889804365,0.0,0.130246020260492,0.7297297297297298,1.0,1.0,1.0,0.0,0.0,0.0,1.0,0.03852652431030966,0.0012170225662233303,0.05840363400389358,0.06812205587793212,0
0.0,0.07382150136606092,0.0,0.14616497829232994,0.7297297297297298,1.0,1.0,0.0,1.0,0.0,0.0,0.0,0.05459745001505131,0.07122564910853091,0.06554185593770279,0.06161313839486437,0
0.0,0.05414371828787019,0.13682290541675668,0.21128798842257596,0.05405405405405406,1.0,1.0,0.0,0.0,0.0,0.0,1.0,0.17537215602878198,0.18994500728423788,0.5976638546398443,0.23668592306614172,0
0.0,0.05056593954638097,0.04456764345885233,0.16931982633863962,0.7297297297297298,1.0,1.0,0.0,0.0,0.0,0.0,0.0,0.07884949650906477,0.09506497349396432,0.07592472420506165,0.054980635867144204,0
0.0,0.02427468667331625,0.024983800129598964,0.12879884225759766,0.7297297297297298,1.0,1.0,1.0,1.0,0.0,1.0,0.0,0.03549198395820588,0.052445320488574865,0.05775470473718366,0.07052182753003472,0
0.6666666666666666,0.0636573572141029,0.08399932800537596,0.11432706222865412,0.7297297297297298,1.0,1.0,1.0,0.0,1.0,0.0,1.0,0.13046095881764597,0.03736378594243481,0.051265412070084365,0.02346210746631252,0
0.6666666666666666,0.37671299709440964,0.0,0.08827785817655572,0.7297297297297298,1.0,0.0,1.0,0.0,0.0,0.0,1.0,0.3258853574931298,0.1013966725966687,0.039584685269305656,0.004936889400839444,0
0.0,0.032514419532503544,0.05759953920368637,0.15340086830680172,0.7297297297297298,1.0,1.0,1.0,1.0,0.0,0.0,1.0,0.07586350880259465,0.09212980142248454,0.06878650227125244,0.05117482570113501,0
0.6666666666666666,0.08235938245370564,0.03662370701034392,0.23010130246020258,0.7297297297297298,1.0,1.0,1.0,0.0,0.0,0.0,1.0,0.09929016032083586,0.02715034166118806,0.10317975340687865,0.06289273208782406,0
0.0,0.04172991023027882,0.0,0.06801736613603473,0.7297297297297298,1.0,0.0,0.0,0.0,0.0,0.0,0.0,0.025854283799924258,0.04297163502209131,0.03049967553536664,0.044753189472347125,0
0.0,0.05712520057244455,0.05798353613171095,0.18813314037626624,0.7297297297297298,1.0,1.0,1.0,0.0,0.0,0.0,0.0,0.09829483108534583,0.11417938673994248,0.0843608046722907,0.051476364375676174,0
0.0,0.12849104471139242,0.13499892000863994,0.2575976845151953,0.7297297297297298,1.0,1.0,1.0,0.0,0.0,1.0,0.0,0.24011710898126837,0.25358812854144597,0.1155094094743673,0.03156978808214766,0
0.0,0.02286525868424474,0.03998368013055895,0.06512301013024602,0.7297297297297298,1.0,0.0,0.0,0.0,0.0,0.0,1.0,0.04940231693224964,0.06611892696790754,0.02920181700194679,0.02937926900204967,0
0.3333333333333333,0.05929355132486226,0.042695658434732525,0.18958031837916062,0.7297297297297298,1.0,1.0,1.0,0.0,0.0,1.0,0.0,0.08477291927637136,0.042017107519171065,0.08500973393900066,0.058388580453310863,0
0.6666666666666666,0.2924454659785764,0.0,0.2575976845151953,0.32432432432432434,1.0,1.0,1.0,0.0,0.0,0.0,1.0,0.25041026985560444,0.07666645587517638,0.23685918234912398,0.06614980240443086,0
1.0,0.09122251615421302,0.043463652290781675,0.21852387843704774,0.7297297297297298,0.0,1.0,1.0,0.0,0.0,0.0,1.0,0.11414726988473602,0.019800479888702083,0.09798831927319922,0.053119535214804114,0
0.0,0.05940196886248314,0.0,0.13169319826338638,0.7297297297297298,1.0,0.0,0.0,0.0,0.0,1.0,0.0,0.0416824462764976,0.0585304333196915,0.05905256327060351,0.06579915670123127,0
0.0,0.07767032395160234,0.0,0.14616497829232994,0.7297297297297298,1.0,1.0,0.0,1.0,0.0,0.0,0.0,0.058044687855041216,0.07461422174389783,0.06554185593770279,0.05911947291931576,0
0.6666666666666666,0.14318162105902238,0.031199750401996785,0.14327062228654122,0.7297297297297298,1.0,1.0,1.0,0.0,1.0,0.0,0.0,0.1482797797651994,0.04320231250196371,0.06424399740428294,0.026610234259821428,0
0.0,0.05311375168047179,0.05771953824369405,0.14761215629522428,0.7297297297297298,1.0,1.0,0.0,1.0,0.0,1.0,0.0,0.09443489575746981,0.11038513991583444,0.06619078520441271,0.04132067498069086,0
0.0,0.41070189513855726,0.0,0.36324167872648333,0.7297297297297298,1.0,1.0,1.0,0.0,1.0,0.0,1.0,0.35632786630543495,0.3678212074534277,0.1628812459441921,0.030730822863311722,0
0.0,0.13640552495771704,0.0,0.18958031837916062,0.7297297297297298,1.0,1.0,0.0,0.0,0.0,0.0,0.0,0.11065147939911245,0.12632574921460277,0.08500973393900066,0.04700248363673535,0
0.3333333333333333,0.07710113187909269,0.0,0.14905933429811866,0.7297297297297298,1.0,0.0,0.0,0.0,0.0,0.0,0.0,0.057534885075887776,0.028629859290714457,0.06683971447112264,0.06066154529269583,0
0.0,0.04690684765167609,0.0488156094751242,0.16353111432706222,0.7297297297297298,1.0,1.0,1.0,0.0,0.0,1.0,0.0,0.07986910206737165,0.0960672273720306,0.07332900713822194,0.05253284875419865,0
0.0,0.09168329068910179,0.0,0.20984081041968158,0.7297297297297298,1.0,0.0,0.0,1.0,0.0,0.0,0.0,0.07059554675134247,0.08695148971914214,0.09409474367293964,0.07426149332149803,0
0.3333333333333333,0.04639186434797689,0.031247750017999856,0.12301013024602024,0.7297297297297298,1.0,1.0,0.0,1.0,0.0,1.0,0.0,0.0616375836319321,0.030646298640633497,0.05515898767034393,0.0476322374830428,0
0.0,0.0,0.12710298317613458,0.23010130246020258,0.7297297297297298,1.0,1.0,1.0,0.0,1.0,0.0,0.0,0.11704586282906553,0.13261131282133265,0.10317975340687865,0.05488311147094375,0
0.0,0.02961425040114486,0.053015575875392996,0.18089725036179446,0.7297297297297298,1.0,1.0,0.0,0.0,0.0,1.0,0.0,0.06862916460317922,0.08501857152572863,0.08111615833874107,0.06519723178699514,0
0.3333333333333333,0.9961294939069335,0.0,0.2069464544138929,0.7297297297297298,1.0,1.0,0.0,0.0,0.0,1.0,0.0,0.8806721628261523,0.4331944098096788,0.0927968851395198,0.0034034510381128836,0
0.3333333333333333,0.06864456394466363,0.025991792065663474,0.18234442836468884,0.7297297297297298,1.0,1.0,1.0,1.0,0.0,0.0,1.0,0.07625192996766393,0.03782911810010843,0.08176508760545101,0.06083271435178889,0
0.6666666666666666,0.10138666030617105,0.033287733698130414,0.20405209840810418,0.7297297297297298,1.0,1.0,1.0,0.0,0.0,1.0,0.0,0.11295773006671132,0.031628666529055605,0.09149902660609995,0.04988672730375937,0
0.0,0.1996400537750985,0.08999928000575995,0.2575976845151953,0.7297297297297298,1.0,1.0,0.0,0.0,0.0,0.0,0.0,0.25832435109389107,0.2714855192212008,0.1155094094743673,0.029256534554301505,0
0.0,0.07834793356173288,0.0,0.09696092619392185,0.7297297297297298,1.0,1.0,0.0,0.0,0.0,1.0,0.0,0.05865159592546197,0.07521080143322299,0.04347826086956522,0.03879470154562165,0
0.6666666666666666,0.0783750379461381,0.0,0.12590448625180894,0.7297297297297298,1.0,1.0,1.0,0.0,0.0,1.0,0.0,0.058675872248278804,0.01384263739130814,0.056456846203763796,0.05048881406749944,0
1.0,0.09347218005984641,0.029999760001919985,0.14616497829232994,0.7297297297297298,1.0,1.0,1.0,0.0,0.0,0.0,1.0,0.10254318757829113,0.01694882897372781,0.06554185593770279,0.038150373047125166,0
0.0,0.03882974109892012,0.0,0.0955137481910275,0.7297297297297298,1.0,1.0,1.0,0.0,0.0,0.0,1.0,0.023256717258523414,0.04041827395177963,0.0428293316028553,0.06488309594185945,0
0.0,0.3437540656576605,0.0,0.17221418234442834,0.7297297297297298,1.0,1.0,1.0,0.0,0.0,0.0,1.0,0.29636534894786415,0.30887913414810186,0.0772225827384815,0.015481311684151053,0
0.3333333333333333,0.1183269005594344,0.027143782849737202,0.256150506512301,0.7297297297297298,1.0,1.0,1.0,1.0,0.0,0.0,1.0,0.1219156931861217,0.060272446012520964,0.11486048020765735,0.05929249282405096,0
0.3333333333333333,0.0483162756407476,0.04420764633882929,0.15340086830680172,0.7297297297297298,1.0,1.0,1.0,0.0,0.0,1.0,0.0,0.07647041687301541,0.03793650244418696,0.06878650227125244,0.05086519430892243,0
0.0,0.15762825794700538,0.0,0.17510853835021706,0.7297297297297298,1.0,1.0,0.0,1.0,0.0,1.0,0.0,0.12965984016469057,0.1450106250842668,0.07852044127190136,0.0375891377047377,0
0.0,0.08200702545643776,0.07857537139702882,0.28654124457308244,0.7297297297297298,1.0,1.0,1.0,0.0,0.0,1.0,0.0,0.14140958040803642,0.1565604078696019,0.12848799480856588,0.058637902975713925,0
0.6666666666666666,0.07338783121557736,0.0058079535363717094,0.14327062228654122,0.7297297297297298,1.0,1.0,1.0,1.0,0.0,1.0,0.0,0.06008389897165496,0.014303992351052935,0.06424399740428294,0.05657622615093909,0
0.0,0.18793095971204285,0.043991648066815464,0.24746743849493485,0.7297297297297298,1.0,1.0,1.0,0.0,0.0,0.0,0.0,0.20129926879715676,0.21543089161220874,0.11096690460739779,0.036067568720171826,0
1.0,0.618944880523873,0.0,0.5224312590448625,0.7297297297297298,1.0,1.0,1.0,0.0,0.0,0.0,0.0,0.5428428545071421,0.1251504872266322,0.23426346528228426,0.029410052129458606,0
0.0,0.08059759746736625,0.056063551491588065,0.18089725036179446,0.7297297297297298,1.0,1.0,1.0,0.0,0.0,1.0,0.0,0.11737602081937444,0.13293585217232554,0.08111615833874107,0.04251790019282674,0
0.3333333333333333,0.06392840105815512,0.021911824705402358,0.13892908827785816,0.10810810810810811,1.0,0.0,1.0,0.0,0.0,1.0,0.0,0.06790087491867432,0.03372464983755133,0.28617780661907855,0.23406857442396722,0
0.0,0.17917624354915637,0.024239806081551348,0.24023154848046308,0.7297297297297298,1.0,1.0,1.0,0.0,0.0,1.0,0.0,0.17347860284906924,0.18808367865354336,0.10772225827384814,0.04032590955217058,0
0.0,0.9999999999999999,0.11399908800729594,0.1606367583212735,0.7297297297297298,1.0,1.0,1.0,0.0,1.0,1.0,0.0,0.9994513551043404,1.0,0.07203114860480207,0.0006622335801788181,0
0.0,0.04097098746693262,0.0,0.0723589001447178,0.7297297297297298,1.0,1.0,0.0,0.0,0.0,0.0,1.0,0.02517454676105301,0.042303465770047136,0.03244646333549643,0.0480563164589477,0
0.0,0.20595537534151506,0.0,0.29088277858176553,0.7297297297297298,1.0,1.0,0.0,0.0,0.0,0.0,1.0,0.17294452374709895,0.18755868852693725,0.13043478260869568,0.0496725894495801,0
0.0,0.14318162105902238,0.0,0.17221418234442834,0.7297297297297298,1.0,1.0,1.0,0.0,0.0,1.0,0.0,0.11672056010332,0.13229154610785437,0.0772225827384815,0.04055793452802535,0
0.6666666666666666,0.2832299752808011,0.027023783809729522,0.3125904486251809,0.7297297297297298,1.0,1.0,1.0,0.0,0.0,0.0,1.0,0.26949145958963305,0.08291861101930406,0.1401687216093446,0.03481722415776156,0
0.0,0.02836744871850468,0.04629562963496292,0.09406657018813314,0.7297297297297298,1.0,1.0,0.0,0.0,0.0,0.0,1.0,0.06071508336489255,0.07723917237692854,0.04218040233614536,0.03668993112555894,0
0.0,0.23289713344030513,0.0,0.26338639652677276,0.7297297297297298,1.0,1.0,1.0,0.0,1.0,1.0,0.0,0.19707518862702827,0.2112786969745056,0.118105126541207,0.039426553648834274,0
1.0,0.06411813174899166,0.05198358413132695,0.17510853835021706,0.7297297297297298,1.0,1.0,1.0,1.0,1.0,1.0,0.0,0.09848904166788049,0.01595254089255479,0.07852044127190136,0.04769661714914031,0
0.0,0.06002536970380323,0.07000743994048048,0.21997105643994208,0.7297297297297298,1.0,1.0,0.0,0.0,0.0,0.0,1.0,0.11305483535797865,0.12868820478433038,0.09863724853990916,0.0539238317918138,0
1.0,0.9999999999999999,0.0,0.8552821997105644,0.32432432432432434,0.0,1.0,1.0,0.0,0.0,1.0,0.0,0.8841388217243965,0.20902243258947806,0.772874756651525,0.06588639980749195,0
0.6666666666666666,0.0824406956069213,0.041207670338637294,0.15484804630969606,0.7297297297297298,1.0,1.0,1.0,0.0,0.0,1.0,0.0,0.10399976694730094,0.028693494457575807,0.06943543153796236,0.04005758636698403,0
0.6666666666666666,0.06476863697471698,0.06861545107639139,0.19536903039073802,0.7297297297297298,1.0,1.0,1.0,1.0,0.0,0.0,1.0,0.11589516512754779,0.03259114842783352,0.08760545100584036,0.04662459628056121,0
0.3333333333333333,0.06590702111973627,0.03935968512251902,0.14761215629522428,0.32432432432432434,1.0,1.0,1.0,1.0,0.0,0.0,1.0,0.08732193317213854,0.04326992486675389,0.1382219338092148,0.0938075883824658,0
0.3333333333333333,0.06639490003903026,0.04199966400268798,0.256150506512301,0.7297297297297298,1.0,1.0,1.0,0.0,0.0,0.0,1.0,0.0904293024926928,0.044797168871426304,0.11486048020765735,0.07560621787420521,0
0.0,0.03023765124246495,0.09799121607027143,0.21852387843704774,0.7297297297297298,1.0,1.0,1.0,0.0,1.0,1.0,0.0,0.11468134898670627,0.1302870383517218,0.09798831927319922,0.05290967603868084,0
0.0,0.07341493559998259,0.10322317421460628,0.23589001447178,0.7297297297297298,1.0,1.0,0.0,0.0,0.0,0.0,0.0,0.15864576960798593,0.17350327104643645,0.10577547047371837,0.04300172273538496,0
0.6666666666666666,0.027798256645995032,0.03899968800249598,0.150506512301013,0.32432432432432434,1.0,1.0,1.0,1.0,0.0,1.0,0.0,0.05282527844942271,0.011925627989609961,0.14081765087605452,0.13538642673386267,0
0.3333333333333333,0.026849603191812284,0.058463532291741664,0.1765557163531114,0.7297297297297298,1.0,1.0,1.0,1.0,0.0,0.0,0.0,0.07166370495528301,0.03557404687445932,0.0791693705386113,0.061638345008497804,0
0.3333333333333333,0.18484105988984761,0.0,0.3342981186685962,0.7297297297297298,1.0,1.0,1.0,0.0,1.0,0.0,1.0,0.15403326827278818,0.07605794459206472,0.14990266060999352,0.06391324799184409,0
0.0,0.05598681642742526,0.03501571987424101,0.12445730824891461,0.7297297297297298,1.0,1.0,1.0,0.0,0.0,0.0,1.0,0.07404278459133237,0.09034006235450906,0.05580791693705387,0.04206828270630601,0
0.0,0.07425517151654445,0.07598339213286294,0.25036179450072354,0.7297297297297298,1.0,1.0,1.0,0.0,0.0,0.0,0.0,0.1318447092182053,0.14715831196583737,0.11226476314081765,0.05411052920010384,0
0.0,0.039453141940240216,0.012119903040775674,0.17510853835021706,0.7297297297297298,1.0,0.0,1.0,0.0,0.0,1.0,0.0,0.036074615705809804,0.05301803699032702,0.07852044127190136,0.09458126564622861,0
0.0,0.23148770545123357,0.0,0.2575976845151953,0.7297297297297298,1.0,1.0,0.0,0.0,0.0,0.0,0.0,0.1958128198405531,0.21003781122070928,0.1155094094743673,0.038723153996880706,0
0.0,0.0379081920291426,0.06074351405188758,0.18379160636758318,0.7297297297297298,1.0,1.0,0.0,0.0,0.0,1.0,0.0,0.08387469533214864,0.10000465332157665,0.08241401687216093,0.057027910404291345,0
0.6666666666666666,0.07452621536059667,0.0,0.1606367583212735,0.7297297297297298,1.0,1.0,1.0,0.0,0.0,1.0,0.0,0.0552286344082889,0.012713113179519172,0.07203114860480207,0.06721871816853871,0
0.3333333333333333,0.033788325599548946,0.03355173158614731,0.10998552821997105,0.7297297297297298,1.0,1.0,1.0,0.0,0.0,0.0,1.0,0.05267962051252173,0.026243540533413812,0.04931862426995458,0.04745270363532563,0
0.0,0.13177067522442418,0.0,0.1866859623733719,0.7297297297297298,1.0,1.0,1.0,0.0,0.0,0.0,0.0,0.10650022819743447,0.12224514413961864,0.08371187540558078,0.04777356294409395,0
0.6666666666666666,0.22647339433626765,0.18895048839609282,0.5369030390738061,0.5945945945945945,1.0,1.0,1.0,0.0,1.0,0.0,0.0,0.38244918965634433,0.11993041494503702,0.29007138221933815,0.054194920040515376,0
0.0,0.07715534064790314,0.03559171526627787,0.1664254703328509,0.5945945945945945,1.0,1.0,1.0,1.0,0.0,1.0,0.0,0.09358522445888075,0.10954992835077922,0.09072031148604802,0.05774900825456616,0
0.0,0.09845938679040714,0.0,0.09261939218523878,0.32432432432432434,1.0,1.0,1.0,0.0,0.0,1.0,0.0,0.07666462745555004,0.09291728661239375,0.08890330953926022,0.06598784773187856,0
0.0,0.03693243419055463,0.10766313869489044,0.13169319826338638,0.7297297297297298,1.0,0.0,1.0,0.0,0.0,1.0,0.0,0.13046095881764597,0.145798110274176,0.05905256327060351,0.02743852235996502,0
1.0,0.10135955592176582,0.04783161734706123,0.20115774240231546,0.7297297297297298,1.0,1.0,0.0,1.0,0.0,1.0,0.0,0.12764490537089362,0.023117462961349974,0.09020116807268007,0.04419327510490123,0
0.0,0.11380046836376242,0.0,0.17221418234442834,0.7297297297297298,1.0,1.0,0.0,0.0,1.0,1.0,0.0,0.09040502616987599,0.10642385077871538,0.0772225827384815,0.05026403673402064,0
0.0,0.053953987597033654,0.06959944320445437,0.1765557163531114,0.7297297297297298,1.0,1.0,1.0,0.0,0.0,1.0,0.0,0.10720424155912255,0.12293717657923582,0.0791693705386113,0.04480993905765919,0
0.0,0.12060366884947299,0.0,0.23010130246020258,0.7297297297297298,1.0,1.0,0.0,0.0,0.0,0.0,1.0,0.09649838319690039,0.11241351085954,0.10317975340687865,0.06434888218168673,0
0.0,0.041540179539442265,0.05083159334725322,0.1374819102749638,0.7297297297297298,1.0,1.0,1.0,0.0,0.0,1.0,0.0,0.077101601266253,0.09334682398870786,0.06164828033744323,0.04516677718321756,0
0.0,0.03376122121514373,0.0,0.0824891461649783,0.7297297297297298,1.0,0.0,0.0,1.0,0.0,0.0,0.0,0.018717044891776155,0.035955857875627426,0.03698896820246594,0.061661804572408226,0
0.3333333333333333,0.08187150353441165,0.0,0.059334298118668596,0.4594594594594595,1.0,1.0,1.0,0.0,0.0,0.0,1.0,0.06180751789164991,0.030729819797139023,0.0428293316028553,0.03677797893900509,0
0.0,0.03603798950518232,0.036527707778337776,0.1374819102749638,0.7297297297297298,1.0,1.0,1.0,0.0,0.0,0.0,1.0,0.05770481933560559,0.07428013711787573,0.06164828033744323,0.05580861311863216,0
0.3333333333333333,0.501881044277722,0.0,0.8552821997105644,0.7297297297297298,1.0,0.0,1.0,0.0,1.0,1.0,0.0,0.43799341626125204,0.21562179711279278,0.3835171966255679,0.06385429756991824,0
0.0,0.022811049915434294,0.044831641346869226,0.11722141823444283,0.7297297297297298,1.0,1.0,1.0,0.0,0.0,0.0,1.0,0.05425758149561569,0.07089156448250883,0.05256327060350422,0.04958438846381251,0
0.6666666666666666,0.4255008890238081,0.0,0.38494934876989867,0.7297297297297298,1.0,1.0,1.0,0.0,0.0,0.0,1.0,0.36958273856342433,0.11571458514047255,0.17261518494484104,0.03157018270088361,0
0.6666666666666666,0.12952101131879082,0.0,0.19536903039073802,0.10810810810810811,1.0,1.0,1.0,0.0,1.0,0.0,0.0,0.10448529340363756,0.028852582374729183,0.39464169834059515,0.23688459194074196,0
0.0,0.06864456394466363,0.04000767993856049,0.15195369030390735,0.7297297297297298,1.0,1.0,1.0,0.0,0.0,1.0,0.0,0.0904293024926928,0.1064477139662884,0.06813757300454251,0.0441335135020719,0
0.6666666666666666,0.131499631380372,0.11999904000767994,0.1606367583212735,0.7297297297297298,1.0,1.0,1.0,0.0,0.0,0.0,0.0,0.22763907905341763,0.06920523256068305,0.07203114860480207,0.019353255671528104,0
0.3333333333333333,0.07317099614033559,0.0,0.150506512301013,0.32432432432432434,1.0,1.0,0.0,0.0,0.0,0.0,1.0,0.05401481826744739,0.026899778191671494,0.14081765087605452,0.13350119355617998,0
0.3333333333333333,0.1351858276594821,0.13499892000863994,0.4428364688856729,0.7297297297297298,1.0,1.0,1.0,0.0,0.0,0.0,1.0,0.24611336071702544,0.12131447982427139,0.19857235561323816,0.05574043216435529,0
0.3333333333333333,0.06363025282969768,0.0,0.12590448625180894,0.7297297297297298,1.0,1.0,1.0,0.0,0.0,1.0,0.0,0.04546955263592313,0.02269985717882236,0.056456846203763796,0.05970925837321791,0
0.0,0.16803634155861039,0.0,0.17221418234442834,0.7297297297297298,1.0,1.0,0.0,0.0,1.0,0.0,1.0,0.1389819481263534,0.15417408911230124,0.0772225827384815,0.03463956727481305,0
0.6666666666666666,0.008987813868771403,0.026063791489668083,0.011577424023154847,0.1891891891891892,1.0,1.0,1.0,0.0,0.0,0.0,1.0,0.022892572416270962,0.002117857897104322,0.027255029201816997,0.04259891675324897,0
0.0,0.10252504445119034,0.05599155206758346,0.17510853835021706,0.7297297297297298,1.0,1.0,1.0,0.0,0.0,0.0,1.0,0.13694273700973963,0.1521695813561687,0.07852044127190136,0.03575570246012905,0
0.6666666666666666,0.05734203564768632,0.052031583747330024,0.16931982633863962,0.7297297297297298,1.0,1.0,1.0,1.0,0.0,0.0,1.0,0.09246851360930657,0.024915156425183122,0.07592472420506165,0.04849789633079818,0
0.6666666666666666,0.14318162105902238,0.1356949144406845,0.25904486251808967,0.32432432432432434,1.0,1.0,1.0,0.0,0.0,1.0,0.0,0.2539788893096785,0.07783575206625369,0.2381570408825438,0.06564203534360494,0
0.0,0.0315657660783208,0.038183694530443756,0.12590448625180894,0.7297297297297298,1.0,1.0,1.0,0.0,0.0,1.0,0.0,0.05537429234518988,0.07198927111086711,0.056456846203763796,0.052541310231443615,0
0.0,0.10645518018994743,0.0,0.1345875542691751,0.7297297297297298,1.0,1.0,0.0,0.0,0.0,1.0,0.0,0.08382614268651498,0.09995692694643064,0.060350421804023356,0.04136558720335823,0
1.0,0.3803449846047093,0.0,0.42112879884225757,0.7297297297297298,1.0,1.0,1.0,0.0,0.0,0.0,0.0,0.32913838475058504,0.07263357717533829,0.18883841661258927,0.039473804771419936,0
0.6666666666666666,0.1996400537750985,0.0,0.34298118668596234,0.7297297297297298,1.0,1.0,1.0,0.0,0.0,1.0,0.0,0.1672881405307775,0.04943060445851838,0.1537962362102531,0.06097837867664462,0
0.0,0.22660891625829374,0.0,0.25904486251808967,0.32432432432432434,1.0,1.0,1.0,0.0,0.0,0.0,0.0,0.19144308173352365,0.20574243745756812,0.2381570408825438,0.08534321700058002,0
0.6666666666666666,0.12060366884947299,0.100703194374445,0.3733719247467438,0.7297297297297298,1.0,1.0,1.0,0.0,1.0,0.0,1.0,0.19836183373632027,0.05961223115633446,0.1674237508111616,0.0570341956502405,0
0.6666666666666666,0.11431545166746163,0.0,0.21128798842257596,0.7297297297297298,1.0,1.0,1.0,0.0,0.0,1.0,0.0,0.09086627630339576,0.024390166298576977,0.09474367293964957,0.06182025949412082,0
0.0,0.24382020035560933,0.0,0.24746743849493485,0.7297297297297298,1.0,1.0,1.0,0.0,1.0,0.0,0.0,0.20685854672221088,0.2208955615664272,0.11096690460739779,0.035107579088012084,0
0.3333333333333333,0.06411813174899166,0.07799937600499196,0.21562952243125902,0.7297297297297298,1.0,1.0,1.0,0.0,0.0,0.0,1.0,0.1248045756013245,0.061692305673114844,0.09669046073977937,0.04851096418106939,0
0.0,0.08219675614727431,0.05459956320349437,0.19536903039073802,0.7297297297297298,1.0,0.0,0.0,0.0,0.0,1.0,0.0,0.11732746817374078,0.1328881257971795,0.08760545100584036,0.046132636277794514,0
0.3333333333333333,0.06593412550414149,0.05999952000383997,0.23733719247467433,0.7297297297297298,1.0,1.0,1.0,0.0,0.0,1.0,0.0,0.10822384711742943,0.05354302711693315,0.10642439974042829,0.06052858464899693,0
0.3333333333333333,0.09721258510776695,0.02949576403388773,0.21562952243125902,0.7297297297297298,1.0,1.0,1.0,1.0,0.0,0.0,1.0,0.10538351734786026,0.05214703064391228,0.09669046073977937,0.05601007987901743,0
1.0,0.22739494340604519,0.0,0.4095513748191027,0.7297297297297298,1.0,1.0,0.0,0.0,1.0,1.0,0.0,0.19214709509521172,0.03896858530671948,0.18364698247890981,0.0647850348392934,0
1.0,0.08506982089422778,0.0,0.04486251808972504,0.32432432432432434,1.0,1.0,1.0,0.0,0.0,0.0,0.0,0.06467212398403588,0.007642185820255307,0.046073977936404935,0.03830764798663167,0
0.6666666666666666,0.13464373997137766,0.0,0.17945007235890012,0.7297297297297298,1.0,1.0,1.0,0.0,0.0,1.0,0.0,0.10907351841601849,0.030355963191828584,0.08046722907203115,0.0449157647262983,0
0.0,0.1079459213322346,0.0,0.16787264833574528,0.7297297297297298,1.0,1.0,0.0,0.0,0.0,0.0,1.0,0.08516134044144065,0.10126940226294599,0.07527579493835172,0.051337177528886634,0
0.0,0.11065635977275676,0.0,0.15774240231548478,0.7297297297297298,1.0,1.0,0.0,0.0,0.0,1.0,0.0,0.08758897272312367,0.10365572102024664,0.07073329007138221,0.047077025011639455,0
0.6666666666666666,0.03614640704280321,0.023659010435116513,0.09985528219971056,0.32432432432432434,1.0,1.0,1.0,0.0,0.0,0.0,1.0,0.04478496003631738,0.009291131984506422,0.0953926022063595,0.10150088340032301,0
0.0,0.03882974109892012,0.052007583939328486,0.15340086830680172,0.7297297297297298,1.0,1.0,1.0,0.0,0.0,1.0,0.0,0.07586350880259465,0.09212980142248454,0.06878650227125244,0.05117482570113501,0
0.0,0.5384448588403655,0.16000671994624044,0.6816208393632417,0.7297297297297298,1.0,1.0,1.0,0.0,0.0,0.0,1.0,0.6325924199609636,0.6393842820342408,0.3056456846203764,0.03372463181972453,0
0.3333333333333333,0.034465935209679485,0.060575515395876835,0.17221418234442834,0.7297297297297298,1.0,1.0,1.0,1.0,0.0,0.0,1.0,0.08062166807469338,0.03997680498167901,0.0772225827384815,0.05499903756905335,0
0.0,0.0015612125417407488,0.06655146758825929,0.14905933429811866,0.7297297297297298,1.0,1.0,1.0,0.0,0.0,0.0,0.0,0.05719501655645215,0.0737790101788426,0.06683971447112264,0.06090615756020092,0
0.0,0.04151307515503705,0.05899152806777546,0.21852387843704774,0.7297297297297298,1.0,1.0,1.0,0.0,0.0,1.0,0.0,0.08533127470115846,0.10143644457595705,0.09798831927319922,0.06720400826605959,0
0.0,0.023109198143891733,0.042455660354717165,0.12445730824891461,0.7297297297297298,1.0,1.0,1.0,1.0,0.0,0.0,0.0,0.052121265087734625,0.06879160397608426,0.05580791693705387,0.05408644811936843,0
0.3333333333333333,0.09867622186564891,0.06827945376436989,0.18958031837916062,0.32432432432432434,1.0,0.0,1.0,0.0,0.0,1.0,0.0,0.14592497645196684,0.07207279226737265,0.1758598312783907,0.07915468001458643,0
0.6666666666666666,0.07138210676959099,0.03815969472244222,0.17221418234442834,0.7297297297297298,1.0,1.0,1.0,1.0,0.0,0.0,0.0,0.09101193424029676,0.024437892673722993,0.0772225827384815,0.049994520719984364,0
0.0,0.17253566936987713,0.19999040007679939,0.24023154848046308,0.5945945945945945,1.0,1.0,1.0,0.0,0.0,0.0,0.0,0.34530641574659404,0.3569873202952828,0.13043478260869568,0.02457792004594334,0
1.0,0.0677230148748861,0.08227134182926536,0.20405209840810418,0.7297297297297298,1.0,1.0,1.0,0.0,0.0,0.0,0.0,0.1323545119973587,0.024274827558640782,0.09149902660609995,0.043444544016312134,0
0.0,0.5203662344420829,0.0,0.9276410998552822,1.0,1.0,1.0,0.0,0.0,1.0,0.0,1.0,0.4545498684223303,0.4643716643738117,0.3105126541207009,0.048902013442682225,0
0.0,0.03376122121514373,0.026999784001727985,0.17221418234442834,0.7297297297297298,1.0,1.0,1.0,0.0,0.0,0.0,1.0,0.04602790806071022,0.06280194389525964,0.0772225827384815,0.08091085932911157,0
0.3333333333333333,0.11702589010798375,0.03431972544219646,0.21997105643994208,0.7297297297297298,0.0,1.0,1.0,1.0,0.0,1.0,0.0,0.12800905021314612,0.06326727605293328,0.09863724853990916,0.04845440309028462,0
0.0,0.07574591265883163,0.03998368013055895,0.18234442836468884,0.7297297297297298,1.0,0.0,0.0,0.0,0.0,0.0,0.0,0.09676542274788553,0.11267600592284306,0.08176508760545101,0.050475551411007596,0
0.6666666666666666,0.06051324862309722,0.01679986560107519,0.08827785817655572,0.7297297297297298,1.0,1.0,1.0,0.0,0.0,0.0,1.0,0.05967120148376885,0.014168767621472563,0.039584685269305656,0.03484077162353353,0
0.3333333333333333,0.11447807797389295,0.0,0.17800289435600578,0.7297297297297298,1.0,0.0,0.0,1.0,0.0,1.0,0.0,0.09101193424029676,0.04508352712230239,0.07981829980532122,0.05173492038062365,0
0.0,0.10930114055249568,0.0,0.17800289435600578,0.7297297297297298,1.0,0.0,0.0,0.0,0.0,0.0,0.0,0.08637515658228216,0.10246256164159633,0.07981829980532122,0.05392886819282552,0
0.0,0.06642200442343547,0.0,0.170767004341534,0.7297297297297298,1.0,1.0,0.0,0.0,0.0,1.0,0.0,0.04797001388605665,0.06471099890110016,0.07657365347177157,0.07822293250653657,1
0.3333333333333333,0.09862201309683846,0.0,0.10419681620839363,0.7297297297297298,1.0,0.0,0.0,1.0,0.0,0.0,0.0,0.07681028539245102,0.038103544757198,0.046722907203114866,0.034020988294066,1
0.6666666666666666,0.06991847001170903,0.0,0.10274963820549927,0.7297297297297298,0.0,1.0,0.0,0.0,0.0,0.0,0.0,0.05110165952942776,0.011360865883715474,0.046073977936404935,0.04524289108546766,1
0.0,0.06891560778871585,0.0,0.09696092619392185,0.7297297297297298,0.0,0.0,0.0,0.0,0.0,0.0,1.0,0.05020343558520503,0.06690641215781676,0.04347826086956522,0.04320597036277287,1
0.6666666666666666,0.03560431935469878,0.0,0.150506512301013,0.7297297297297298,1.0,1.0,1.0,1.0,0.0,0.0,0.0,0.02036783484332061,0.0012906007279067655,0.06748864373783257,0.10619222414164603,1
0.0,0.17253566936987713,0.0,0.1606367583212735,0.7297297297297298,1.0,1.0,0.0,1.0,0.0,0.0,0.0,0.14301181771394722,0.1581353782494203,0.07203114860480207,0.03126238058421243,1
0.3333333333333333,0.08363328852075104,0.058223534211726304,0.21562952243125902,0.7297297297297298,0.0,1.0,0.0,1.0,1.0,0.0,1.0,0.12227983802837415,0.060451419919318516,0.09669046073977937,0.049381123185631884,1
0.6666666666666666,0.01112906023678389,0.04514363885088919,0.22865412445730823,0.7297297297297298,1.0,0.0,1.0,0.0,0.0,0.0,1.0,0.04411007855818064,0.009069999876706859,0.10253082414016873,0.11003870953359376,1
1.0,0.0,1.0,0.49348769898697536,0.32432432432432434,1.0,0.0,0.0,0.0,0.0,0.0,1.0,0.9999999999999999,0.2374947948422105,0.44841012329656066,0.031384992085509406,1
0.0,0.3717528947482541,0.050399596803225574,0.426917510853835,0.7297297297297298,1.0,1.0,1.0,0.0,0.0,0.0,0.0,0.37242306833299343,0.383642500814331,0.19143413367942896,0.035213100972172735,1
0.0,0.07130079361637533,0.030887752897976815,0.13169319826338638,0.7297297297297298,1.0,1.0,0.0,1.0,0.0,0.0,0.0,0.08358337945834668,0.09971829507070058,0.05905256327060351,0.040537221028752096,1
0.6666666666666666,0.09303850990936285,0.0,0.170767004341534,0.7297297297297298,0.0,1.0,1.0,0.0,0.0,1.0,0.0,0.071809362892184,0.01814596555030697,0.07657365347177157,0.059493246299644996,1
0.0,0.037013747343770304,0.03482372141022872,0.1345875542691751,1.0,0.0,1.0,0.0,1.0,0.0,0.0,1.0,0.05685514803701654,0.0734449255528205,0.043802725502920185,0.03996324848200862,1
0.3333333333333333,0.07880870809662165,0.0,0.08393632416787264,0.7297297297297298,1.0,1.0,1.0,0.0,0.0,0.0,1.0,0.05906429341334808,0.029381549699264157,0.03763789746917586,0.03335371743574418,1
0.0,0.04425061797996441,0.041207670338637294,0.130246020260492,0.5945945945945945,1.0,0.0,0.0,0.0,1.0,1.0,0.0,0.06979442809838708,0.08616400452923294,0.07125243348475016,0.05645649524870542,1
0.3333333333333333,0.2787035430851292,0.0,0.27062228654124454,0.7297297297297298,1.0,1.0,0.0,0.0,0.0,1.0,0.0,0.23810217418747148,0.11737705387472534,0.12134977287475666,0.03365162644890935,1
0.3333333333333333,0.06812958064096443,0.0,0.21128798842257596,0.0,1.0,0.0,0.0,0.0,0.0,1.0,0.0,0.049499422223516956,0.024680501747381896,1.0,1.0,1
1.0,0.1474099050262369,0.0,0.20405209840810418,0.7297297297297298,1.0,1.0,1.0,0.0,0.0,1.0,0.0,0.12050766646274554,0.021363518674734,0.09149902660609995,0.0471881738116838,1
0.0,0.014435795134220896,0.04319965440276478,0.13603473227206944,0.7297297297297298,0.0,0.0,0.0,0.0,0.0,1.0,0.0,0.04510540779367067,0.06189514276748541,0.060999351070733294,0.0647975427729354,1
0.0,0.05474001474478507,0.0,0.11432706222865412,0.7297297297297298,0.0,1.0,0.0,0.0,0.0,1.0,0.0,0.037506918752002794,0.05442596505713439,0.051265412070084365,0.060842448701833064,1
0.0,0.0,0.04319965440276478,0.18234442836468884,0.7297297297297298,1.0,1.0,1.0,0.0,0.0,0.0,0.0,0.032175838261426865,0.049185609066102184,0.08176508760545101,0.10448150105458495,1
0.6666666666666666,0.01714623357474303,0.47999616003071977,0.33285094066570187,0.7297297297297298,1.0,1.0,1.0,0.0,1.0,0.0,1.0,0.48936211534166496,0.15496157430221047,0.1492537313432836,0.019292762813005026,1
0.6666666666666666,0.15356260028622218,0.0,0.17221418234442834,0.7297297297297298,0.0,1.0,1.0,0.0,1.0,0.0,0.0,0.126018391742166,0.035908131500481416,0.0772225827384815,0.03788702758859,1
0.0,0.2990318313890452,0.0,0.22431259044862514,0.7297297297297298,1.0,1.0,0.0,0.0,0.0,1.0,0.0,0.2563094163000942,0.2695048746526413,0.10058403634003893,0.02516931492732066,1
0.0,0.070894227850297,0.0,0.12590448625180894,0.7297297297297298,1.0,1.0,0.0,0.0,0.0,0.0,1.0,0.051975607150833644,0.06864842485064622,0.056456846203763796,0.05481692871072586,1
0.0,0.023542868294375272,0.8120815033479732,0.11722141823444283,0.7297297297297298,1.0,1.0,0.0,0.0,0.0,0.0,1.0,0.8310028063429176,0.8344181140684224,0.05256327060350422,0.0,1
0.0,0.08843076456047523,0.0,0.14905933429811866,0.7297297297297298,1.0,0.0,0.0,0.0,0.0,1.0,0.0,0.06768238801332284,0.08408790721038138,0.06683971447112264,0.05410400341749385,1
0.0,0.11266208421874313,0.0,0.1664254703328509,0.7297297297297298,0.0,1.0,0.0,0.0,0.0,0.0,0.0,0.08938542061156912,0.10542159690064912,0.0746268656716418,0.048959587510388765,1
0.3333333333333333,0.056772843575176674,0.04768761849905201,0.14761215629522428,0.32432432432432434,0.0,1.0,0.0,0.0,0.0,0.0,1.0,0.08756469640030684,0.04338924080461892,0.1382219338092148,0.09361050805605872,1
0.0,0.057098096188039335,0.04319965440276478,0.16497829232995656,0.7297297297297298,0.0,1.0,1.0,1.0,0.0,1.0,0.0,0.08331633990736155,0.09945580000739751,0.07397793640493186,0.051299731195887474,1
0.0,0.03202654061320956,0.07768737850097199,0.2445730824891461,0.7297297297297298,0.0,0.0,1.0,1.0,0.0,1.0,0.0,0.09574581718957866,0.1116737520447768,0.10966904607397794,0.06894552129505717,1
0.0,0.03882974109892012,0.09119927040583675,0.17221418234442834,0.32432432432432434,1.0,1.0,1.0,1.0,0.0,0.0,1.0,0.1155067439624785,0.13109838672920404,0.16028552887735237,0.08756020526601513,1
0.0,0.045470315278199364,0.0825593395252838,0.1606367583212735,0.7297297297297298,0.0,0.0,1.0,0.0,0.0,0.0,1.0,0.11271496683854303,0.1283541201583083,0.07203114860480207,0.03884280621409686,1
0.0,0.1813988030703845,0.0,0.1374819102749638,0.7297297297297298,0.0,1.0,1.0,1.0,0.0,0.0,1.0,0.15095017527505072,0.1659386405857934,0.06164828033744323,0.02496684654008111,1
0.0,0.14391343943796336,0.0,0.15774240231548478,0.7297297297297298,0.0,1.0,0.0,0.0,0.0,0.0,0.0,0.11737602081937444,0.13293585217232554,0.07073329007138221,0.03676074573153727,1
0.0,0.03823344464200526,0.0,0.0,0.7297297297297298,1.0,0.0,0.0,0.0,0.0,0.0,1.0,0.02272263815655315,0.03989328382517349,0.0,0.0028498530834600343,1
0.3333333333333333,0.28547963918643454,0.0,0.4008683068017366,0.7297297297297298,0.0,0.0,1.0,0.0,1.0,0.0,1.0,0.244171254891679,0.12035995232135115,0.17975340687865024,0.05047222259205461,1
1.0,0.08219675614727431,0.1859985120119039,0.406657018813314,0.7297297297297298,1.0,1.0,1.0,0.0,0.0,1.0,0.0,0.2502403355958866,0.05324473727227058,0.18234912394548997,0.050045992114203276,1
0.0,0.1289789236306864,0.11027911776705786,0.3603473227206946,0.7297297297297298,1.0,1.0,1.0,0.0,0.0,1.0,0.0,0.21554947029063615,0.2294385827175635,0.16158338741077224,0.050761352175924396,1
0.0,0.09122251615421302,0.058823529411764705,0.14616497829232994,0.7297297297297298,1.0,1.0,1.0,0.0,0.0,0.0,1.0,0.12968411648750738,0.1450344882718398,0.06554185593770279,0.030924137616586512,1
0.0,0.13729996964308935,0.0,0.21852387843704774,0.7297297297297298,1.0,1.0,1.0,1.0,0.0,0.0,1.0,0.11145259805206785,0.12711323440451197,0.09798831927319922,0.05420171260640294,1
0.3333333333333333,0.07452621536059667,0.07019943840449276,0.20549927641099852,0.7297297297297298,1.0,1.0,1.0,0.0,0.0,1.0,0.0,0.12623687864751748,0.06239626970651854,0.09214795587280987,0.0456490896943706,1
0.0,0.137625222255952,0.0,0.15340086830680172,0.7297297297297298,0.0,1.0,0.0,1.0,0.0,0.0,0.0,0.11174391392586981,0.12739959265538806,0.06878650227125244,0.037269377709119145,1
0.3333333333333333,0.4706838978273121,0.0,0.7105643994211288,0.7297297297297298,1.0,1.0,1.0,0.0,0.0,0.0,1.0,0.4100513686990804,0.20188853266452758,0.318624269954575,0.05590113319395563,1
0.0,0.2448230625786025,0.0,0.29667149059334297,0.7297297297297298,1.0,0.0,0.0,0.0,0.0,1.0,0.0,0.2077567706664336,0.22177849950662845,0.13303049967553537,0.042635849894852404,1
0.3333333333333333,0.1987456090897262,0.0,0.2069464544138929,0.5945945945945945,0.0,1.0,1.0,0.0,0.0,1.0,0.0,0.1664870218778221,0.08217885220454087,0.11252433484750163,0.04393658790604063,1
0.3333333333333333,0.08669608395854106,0.08085535315717474,0.2778581765557163,0.7297297297297298,1.0,1.0,1.0,0.0,0.0,0.0,1.0,0.14791563492294696,0.0730511829578659,0.12459441920830631,0.05455114572398921,1
0.0,0.024003642829264035,0.0681594547243622,0.15195369030390735,0.7297297297297298,1.0,1.0,0.0,0.0,0.0,0.0,0.0,0.07892232547751526,0.09513656305668335,0.06813757300454251,0.04916659780449807,1
0.0,0.09032807146884073,0.0,0.18379160636758318,0.7297297297297298,0.0,0.0,0.0,0.0,0.0,1.0,0.0,0.06938173061050096,0.08575833034049182,0.08241401687216093,0.0657366380225202,1
1.0,0.05606812958064092,0.060095519235846113,0.21562952243125902,0.7297297297297298,0.0,1.0,1.0,0.0,0.0,1.0,0.0,0.09948437090337052,0.01619713856517811,0.09669046073977937,0.05871678179901311,1
0.0,0.1499577171603277,0.0,0.13892908827785816,0.7297297297297298,0.0,1.0,0.0,0.0,0.0,0.0,0.0,0.12278964080752759,0.13825734300110595,0.06229720960415316,0.030786867619132924,1
0.0,0.17546294288564104,0.0,0.26772793053545585,0.7297297297297298,1.0,0.0,0.0,0.0,1.0,0.0,0.0,0.1456336605781649,0.160712602507305,0.12005191434133679,0.053187514399223326,1
0.0,0.10211847868511201,0.0,0.1866859623733719,0.7297297297297298,1.0,1.0,1.0,1.0,1.0,0.0,1.0,0.07994193103582213,0.09613881693474961,0.08371187540558078,0.06012798396053232,1
1.0,0.3125840235916559,0.07199942400460796,0.4500723589001447,0.7297297297297298,1.0,1.0,0.0,0.0,0.0,0.0,0.0,0.34127654615900016,0.0756164756219641,0.2018170019467878,0.0409309684227713,1
0.6666666666666666,0.13979357300836973,0.03899968800249598,0.2575976845151953,1.0,1.0,1.0,1.0,1.0,0.0,1.0,0.0,0.15313504432856545,0.044793191673497476,0.08517196625567812,0.03517517199993339,1
0.0,0.04029337785680208,0.05599155206758346,0.2489146164978292,0.7297297297297298,0.0,1.0,1.0,1.0,0.0,0.0,1.0,0.08120429982229731,0.09737970268854595,0.11161583387410771,0.07970120147437325,1
0.0,0.059591699553319694,0.04953560371517028,0.1374819102749638,0.7297297297297298,0.0,1.0,1.0,0.0,0.0,0.0,1.0,0.09195871083015313,0.1079510947833878,0.06164828033744323,0.03921469154087371,1
1.0,0.05961880393772491,0.09599923200614395,0.24746743849493485,0.5945945945945945,0.0,1.0,1.0,0.0,0.0,1.0,0.0,0.1389819481263534,0.02590349011049847,0.13432835820895525,0.06237182931532189,1
0.0,0.023326033219133502,0.03191974464204286,0.13169319826338638,0.7297297297297298,0.0,1.0,1.0,0.0,0.0,0.0,1.0,0.04165816995368077,0.05850657013211849,0.05905256327060351,0.06582179679784991,1
1.0,0.06593412550414149,0.05999952000383997,0.16497829232995656,0.7297297297297298,0.0,1.0,1.0,0.0,0.0,0.0,0.0,0.10822384711742943,0.018344825446748685,0.07397793640493186,0.04138787566938148,1
1.0,0.9999999999999999,0.0,0.507959479015919,0.7297297297297298,0.0,1.0,1.0,0.0,0.0,0.0,0.0,0.8841388217243965,0.20902243258947806,0.22777417261518496,0.015777132047916826,1
0.0,0.03172839238475213,0.0,0.130246020260492,0.7297297297297298,0.0,0.0,0.0,0.0,0.0,1.0,0.0,0.01689632068051388,0.03416611880765194,0.05840363400389358,0.09888627896019524,1
1.0,0.0692408604015785,0.0,0.10419681620839363,0.32432432432432434,1.0,1.0,1.0,1.0,0.0,0.0,0.0,0.050494751459007,0.00415816043459637,0.09928617780661908,0.09818980450807059,1
0.0,0.25609848649117456,0.0,0.2575976845151953,0.7297297297297298,0.0,1.0,0.0,0.0,1.0,0.0,1.0,0.21785572095823502,0.2317055855369991,0.1155094094743673,0.03485077961564446,1
0.0,0.13857387571013474,0.06165550675594595,0.25036179450072354,0.7297297297297298,1.0,1.0,1.0,0.0,0.0,0.0,0.0,0.1749594585408959,0.18953933309549675,0.11226476314081765,0.04182929153399867,1
0.3333333333333333,0.2448230625786025,0.0,0.21128798842257596,0.7297297297297298,1.0,1.0,1.0,0.0,1.0,0.0,0.0,0.2077567706664336,0.10246256164159633,0.09474367293964957,0.029310088303244133,1
0.3333333333333333,0.04568715035344113,0.03599971200230398,0.150506512301013,0.32432432432432434,0.0,1.0,1.0,1.0,0.0,0.0,0.0,0.0658131111564269,0.03269853277191205,0.14081765087605452,0.11721153824179205,1
0.6666666666666666,0.06666594388308247,0.0,0.1866859623733719,0.7297297297297298,1.0,0.0,0.0,0.0,0.0,0.0,1.0,0.048188500791408115,0.010406338380795216,0.08371187540558078,0.0852522145162237,1
0.3333333333333333,0.08355197536753538,0.1272469820241438,0.1866859623733719,0.7297297297297298,1.0,1.0,1.0,1.0,0.0,0.0,0.0,0.19202571348112757,0.09473088886794225,0.08371187540558078,0.027630143151817676,1
0.0,0.03823344464200526,0.0,0.053545586107091175,0.7297297297297298,1.0,0.0,0.0,0.0,0.0,0.0,0.0,0.02272263815655315,0.03989328382517349,0.024010382868267358,0.03799213037740495,1
0.0,0.07116527169434922,0.10238318093455252,0.17800289435600578,0.32432432432432434,0.0,1.0,1.0,0.0,0.0,0.0,0.0,0.15578116351559995,0.1706874149128217,0.16547696301103182,0.07017288136104936,1
0.0,0.12060366884947299,0.0,0.19392185238784368,1.0,0.0,0.0,0.0,0.0,0.0,0.0,1.0,0.09649838319690039,0.11241351085954,0.06375730045425049,0.039019332187155926,1
0.0,0.041540179539442265,0.0,0.12590448625180894,1.0,1.0,1.0,0.0,0.0,0.0,1.0,0.0,0.025684349540206444,0.04280459270908027,0.040882543802725504,0.05934951697585262,1
0.0,0.0712736892319701,0.051767585859313126,0.15918958031837913,0.7297297297297298,0.0,1.0,1.0,0.0,0.0,0.0,0.0,0.10467950398617219,0.12045540507164317,0.07138221933809215,0.04101251286068148,1
1.0,0.04552452404700981,0.03808769529843761,0.23733719247467433,0.7297297297297298,1.0,1.0,1.0,1.0,0.0,0.0,0.0,0.06777949330459015,0.008405807822591514,0.10642439974042829,0.08658761563948726,1
0.0,0.15760115356260015,0.0,0.17221418234442834,0.7297297297297298,1.0,1.0,0.0,0.0,0.0,0.0,1.0,0.12963556384187375,0.14498676189669377,0.0772225827384815,0.03692946210564244,1
0.0,0.04425061797996441,0.045863633090935274,0.15484804630969606,0.7297297297297298,0.0,1.0,1.0,1.0,0.0,1.0,0.0,0.07450403472485215,0.09079346291839618,0.06943543153796236,0.05238154193487579,1
0.0,0.18879830001300996,0.0,0.38494934876989867,0.7297297297297298,1.0,1.0,1.0,0.0,0.0,0.0,1.0,0.15757761140404541,0.17245329079322416,0.17261518494484104,0.07259695487317695,1
0.0,0.1440760657443947,0.10598315213478292,0.2894356005788712,0.7297297297297298,0.0,1.0,0.0,0.0,0.0,0.0,0.0,0.22472592031539795,0.23845886762015991,0.12978585334198572,0.0384225059374372,1
0.3333333333333333,0.04425061797996441,0.0,0.21852387843704774,0.7297297297297298,1.0,0.0,0.0,0.0,0.0,0.0,1.0,0.028111981821889467,0.014168767621472563,0.09798831927319922,0.13329272601611963,1
0.0,0.12469643089466143,0.051407588739290085,0.24023154848046308,0.7297297297297298,1.0,1.0,1.0,0.0,0.0,0.0,0.0,0.15216399141589226,0.16713179996444374,0.10772225827384814,0.04556705459237559,1
0.6666666666666666,0.06430786243982821,0.04103967168262654,0.20405209840810418,0.7297297297297298,0.0,1.0,1.0,0.0,0.0,0.0,0.0,0.08758897272312367,0.02331632285779169,0.09149902660609995,0.06138896899322915,1
0.6666666666666666,0.06498547204995875,0.04600763193894449,0.14905933429811866,0.7297297297297298,0.0,1.0,1.0,1.0,0.0,0.0,0.0,0.0932210796166283,0.02516174269677086,0.06683971447112264,0.042193365406600125,1
0.0,0.09799861225551837,0.0,0.14905933429811866,0.7297297297297298,1.0,0.0,1.0,0.0,0.0,0.0,0.0,0.07625192996766393,0.09251161242365265,0.06683971447112264,0.049497806175773984,1
0.0,0.05696257426601323,0.0,0.08972503617945007,1.0,1.0,1.0,0.0,0.0,0.0,0.0,1.0,0.039497577222982874,0.056382746438120926,0.02871512005191434,0.03349060250602264,1
0.6666666666666666,0.051650114922589835,0.04492764057887537,0.17800289435600578,0.7297297297297298,0.0,1.0,1.0,0.0,0.0,1.0,0.0,0.08018469426399044,0.020890232121202706,0.07981829980532122,0.05713327700976777,1
0.0,0.04449455743961139,0.08277533779729762,0.22575976845151952,0.32432432432432434,0.0,1.0,1.0,1.0,1.0,0.0,0.0,0.11205950612248859,0.12770981409383714,0.20830629461388708,0.11733560541020187,1
1.0,0.1074309380285354,0.0,0.17221418234442834,0.7297297297297298,1.0,1.0,1.0,1.0,0.0,1.0,0.0,0.08470009030792088,0.012563968257187884,0.0772225827384815,0.05293107013724634,1
0.0,0.07542066004596897,0.0,0.150506512301013,1.0,1.0,1.0,0.0,0.0,0.0,0.0,1.0,0.0560297530612443,0.07263357717533829,0.0491563919532771,0.045346174286365955,1
0.0,0.040808361160501294,0.044231646146830825,0.21707670043415336,0.7297297297297298,1.0,1.0,1.0,0.0,0.0,0.0,0.0,0.06977015177557025,0.08614014134165993,0.0973393900064893,0.07750793683336091,1
0.0,0.03151155730951036,0.1599827201382389,0.08827785817655572,0.32432432432432434,1.0,1.0,1.0,0.0,0.0,1.0,0.0,0.17852807799496995,0.1930472216687287,0.08500973393900066,0.03025040283273885,1
0.3333333333333333,0.14724727871980559,0.17399860801113592,0.24746743849493485,0.7297297297297298,0.0,1.0,1.0,0.0,0.0,0.0,1.0,0.29636534894786415,0.14601287896233306,0.11096690460739779,0.024085516101654377,1
0.6666666666666666,0.04766577041502229,0.0,0.1403762662807525,0.7297297297297298,0.0,1.0,1.0,0.0,1.0,1.0,0.0,0.031170798496810093,0.0048303068845693825,0.06294613887086307,0.08212711232678721,1
0.0,0.5221822281972327,0.0,0.6816208393632417,0.7297297297297298,1.0,1.0,0.0,0.0,0.0,0.0,0.0,0.4561763820510579,0.4659704979412031,0.3056456846203764,0.04788398614412091,1
1.0,0.08197992107203254,0.0,0.17221418234442834,0.32432432432432434,1.0,1.0,1.0,1.0,0.0,0.0,1.0,0.06190462318291723,0.006962084974424625,0.16028552887735237,0.1391420464232708,1
0.3333333333333333,0.17028600546424374,0.04000767993856049,0.14616497829232994,0.7297297297297298,0.0,1.0,1.0,0.0,0.0,0.0,1.0,0.18146551305580638,0.08954064557081334,0.06554185593770279,0.02216383795559662,1
0.3333333333333333,0.2086658137820372,0.11959104327165383,0.5311143270622286,0.7297297297297298,0.0,1.0,1.0,0.0,1.0,0.0,0.0,0.29634107262504733,0.14600094736854655,0.2381570408825438,0.05652130634746491,1
0.6666666666666666,0.07677587926623004,0.08639930880552955,0.29956584659913166,0.7297297297297298,0.0,1.0,1.0,0.0,0.0,0.0,1.0,0.14463833134267484,0.04200915312331338,0.13432835820895525,0.060228541102829984,1
0.0,0.5339455310290988,0.0,0.17221418234442834,0.7297297297297298,1.0,1.0,1.0,0.0,0.0,0.0,0.0,0.4667123061535623,0.4763271213478879,0.0772225827384815,0.008290277010800127,1
0.3333333333333333,0.057504661954117645,0.030719754241966064,0.16208393632416784,0.7297297297297298,0.0,1.0,1.0,0.0,0.0,1.0,0.0,0.07105679688486224,0.03527575702979674,0.072680077871512,0.056854041675876606,1
0.0,0.09799861225551837,0.0,0.17945007235890012,0.7297297297297298,0.0,0.0,0.0,0.0,1.0,1.0,0.0,0.07625192996766393,0.09251161242365265,0.08046722907203115,0.0598470701625702,1
1.0,0.06674725703629814,0.029999760001919985,0.17221418234442834,0.7297297297297298,0.0,1.0,1.0,0.0,0.0,1.0,0.0,0.07860673328089647,0.01106655323698173,0.0772225827384815,0.05607550688467955,1
0.3333333333333333,0.0008836029316102133,0.07252741978064176,0.14616497829232994,0.7297297297297298,1.0,1.0,1.0,0.0,1.0,0.0,1.0,0.06263291286742215,0.03113549398588013,0.06554185593770279,0.05607358701349279,1
0.3333333333333333,0.3218266186738364,0.2632298941608467,0.49204052098408096,0.7297297297297298,1.0,1.0,1.0,0.0,0.0,1.0,0.0,0.542988512444043,0.26722594023941915,0.22063595068137576,0.027409072383363143,1
0.0,0.1007090506960405,0.04595963232294142,0.25470332850940663,0.7297297297297298,1.0,1.0,0.0,0.0,0.0,1.0,0.0,0.12516872044357696,0.1405959353832606,0.11421155094094744,0.057630267048609816,1
0.0,0.06593412550414149,0.0,0.12445730824891461,0.7297297297297298,1.0,0.0,0.0,1.0,0.0,0.0,0.0,0.04753304007535371,0.06428146152478605,0.05580791693705387,0.057409775009377224,1
0.3333333333333333,0.258727611778481,0.09239926080591356,0.21852387843704774,0.32432432432432434,0.0,1.0,1.0,0.0,1.0,0.0,1.0,0.3136743671162642,0.15452010533210983,0.2018170019467878,0.04462221971364147,1
0.0,0.06642200442343547,0.0,0.18234442836468884,0.7297297297297298,1.0,0.0,0.0,0.0,0.0,0.0,0.0,0.04797001388605665,0.06471099890110016,0.08176508760545101,0.08350930736808046,1
0.0,0.018989331714298088,0.093359253125975,0.2778581765557163,0.7297297297297298,0.0,1.0,1.0,1.0,0.0,1.0,0.0,0.09992134471407345,0.11577822030733391,0.12459441920830631,0.07598207263359714,1
0.3333333333333333,0.032812567760960976,0.0,0.0824891461649783,0.5945945945945945,0.0,1.0,1.0,0.0,1.0,0.0,0.0,0.01786737359318709,0.009133635043568209,0.04555483452303699,0.07643277374660468,1
0.3333333333333333,0.058480419792705615,0.061991504067967454,0.2329956584659913,0.7297297297297298,1.0,1.0,1.0,0.0,0.0,1.0,0.0,0.10356279313659801,0.051252161109924546,0.1044776119402985,0.06156918465084595,1
0.0,0.012863740838718055,0.0,0.03762662807525326,0.7297297297297298,1.0,1.0,0.0,1.0,0.0,0.0,1.0,0.0,0.017557340256839474,0.016872160934458147,0.04912220875415424,1
0.0,0.10062773754282484,0.05008759929920561,0.17221418234442834,0.7297297297297298,1.0,1.0,0.0,0.0,0.0,1.0,0.0,0.1292714189996213,0.1446288140830987,0.0772225827384815,0.037023952420093716,1
0.0,0.08669608395854106,0.0,0.15484804630969606,0.7297297297297298,0.0,0.0,0.0,0.0,0.0,1.0,0.0,0.0661287033530457,0.08256066320570897,0.06943543153796236,0.05719131979675653,1
0.0,0.0339780562903855,0.0,0.07380607814761216,0.7297297297297298,0.0,1.0,1.0,0.0,0.0,0.0,1.0,0.018911255474310794,0.03614676337621148,0.03309539260220636,0.05531758911022418,1
0.3333333333333333,0.0493191378637408,0.04600763193894449,0.19826338639652674,0.7297297297297298,0.0,1.0,1.0,0.0,0.0,0.0,0.0,0.0791893650285004,0.03927284094827532,0.08890330953926022,0.06440295060606127,1
0.6666666666666666,0.03636324211804498,0.030119759041927666,0.16787264833574528,0.7297297297297298,0.0,1.0,1.0,1.0,0.0,0.0,0.0,0.05151435701731387,0.011496090613295845,0.07527579493835172,0.07351762873141521,1
0.6666666666666666,0.08761763302831858,0.03431972544219646,0.17366136034732269,0.7297297297297298,1.0,1.0,1.0,1.0,0.0,0.0,0.0,0.10166923995688525,0.0279298724552396,0.07787151200519143,0.04605304100896022,1
0.0,0.06051324862309722,0.05409556723546212,0.16931982633863962,0.32432432432432434,0.0,1.0,0.0,1.0,0.0,0.0,1.0,0.09739660714112312,0.11329644879974123,0.15768981181051267,0.09865965644528563,1
0.0,0.41422546511123604,0.0,0.2648335745296671,0.7297297297297298,0.0,1.0,0.0,0.0,1.0,0.0,1.0,0.3594837882716229,0.37092342183791854,0.11875405580791694,0.02098800251135318,1
0.0,0.07135500238518577,0.0,0.10274963820549927,0.7297297297297298,1.0,1.0,0.0,0.0,0.0,0.0,1.0,0.052388304638719754,0.06905409903938733,0.046073977936404935,0.04449292401496354,1
1.0,0.10266056637321644,0.0,0.12445730824891461,0.7297297297297298,0.0,1.0,1.0,1.0,0.0,1.0,0.0,0.08042745749215874,0.0115139880039756,0.05580791693705387,0.039426305220219206,1
0.0,0.09152066438267047,0.017663858689130486,0.11287988422575977,0.7297297297297298,1.0,1.0,1.0,1.0,1.0,1.0,0.0,0.08831726240762858,0.10437161664743684,0.050616482803374434,0.03298254228518342,1
0.0,0.055363415586105164,0.07526339789281686,0.17221418234442834,0.7297297297297298,0.0,1.0,1.0,1.0,0.0,0.0,1.0,0.11419582253036968,0.1298097746002617,0.0772225827384815,0.04134066233580989,1
0.6666666666666666,0.11043952469751497,0.049991600067199465,0.25470332850940663,0.7297297297297298,1.0,1.0,1.0,0.0,0.0,0.0,0.0,0.13796234256804651,0.039821694262454466,0.11421155094094744,0.05294617747777383,1
0.0,0.06186846784335828,0.0,0.2329956584659913,0.7297297297297298,1.0,1.0,1.0,0.0,0.0,0.0,0.0,0.04389159165282916,0.060701983388835076,0.1044776119402985,0.11244407685063083,1
0.0,0.03441172644086904,0.0,0.07814761215629522,1.0,0.0,1.0,0.0,0.0,0.0,1.0,0.0,0.01929967663938008,0.03652857437737958,0.02482154445165477,0.042008044908023644,1
0.3333333333333333,0.08986729693395196,0.07199942400460796,0.23589001447178,0.10810810810810811,1.0,1.0,1.0,0.0,0.0,0.0,0.0,0.14179800157310568,0.0700444213236671,0.47251321034578664,0.22290444403138707,1
0.6666666666666666,0.05365583936857622,0.03847169222646219,0.17221418234442834,0.7297297297297298,1.0,1.0,1.0,0.0,0.0,0.0,1.0,0.07545081131470853,0.01933912492895729,0.0772225827384815,0.057840471893398186,1
0.0,0.1996671581595037,0.0,0.21852387843704774,0.7297297297297298,1.0,1.0,1.0,0.0,0.0,1.0,0.0,0.16731241685359433,0.18202242900999974,0.09798831927319922,0.03766345290603812,1
0.0,0.04750314410859097,0.0,0.10274963820549927,0.7297297297297298,0.0,0.0,0.0,1.0,0.0,0.0,1.0,0.031025140559909112,0.04805449397514168,0.046073977936404935,0.06073125097936933,1
0.3333333333333333,0.09799861225551837,0.03619171046631627,0.17221418234442834,0.7297297297297298,1.0,1.0,1.0,0.0,0.0,0.0,0.0,0.112860624775444,0.05582196153015527,0.0772225827384815,0.041765410520278046,1
0.3333333333333333,0.07859187302137988,0.0,0.07670043415340086,0.7297297297297298,1.0,0.0,0.0,1.0,1.0,1.0,0.0,0.05887008283081345,0.02928609694897213,0.034393251135626225,0.030514151257537984,1
0.0,0.2719274469838238,0.0,0.10709117221418234,0.7297297297297298,1.0,1.0,0.0,0.0,1.0,0.0,1.0,0.2320330934832639,0.24564168707963488,0.04802076573653472,0.011343922829196003,1
0.0,0.5085487228414064,0.12638298893608851,0.8118668596237337,0.7297297297297298,1.0,1.0,1.0,0.0,0.0,0.0,0.0,0.5718045076276206,0.5796308603514327,0.36404931862427,0.045806135722947824,1
0.0,0.05745045318530721,0.053039575683394534,0.18379160636758318,0.7297297297297298,0.0,1.0,1.0,0.0,0.0,1.0,0.0,0.09358522445888075,0.10954992835077922,0.08241401687216093,0.05229117800294992,1
0.0,0.052842707836419575,0.01286389708882329,0.0824891461649783,0.7297297297297298,1.0,1.0,1.0,1.0,0.0,0.0,0.0,0.0488196851846457,0.06554621046615539,0.03698896820246594,0.03747226199749594,1
0.6666666666666666,0.10930114055249568,0.0,0.09117221418234442,0.7297297297297298,0.0,1.0,1.0,0.0,0.0,1.0,0.0,0.08637515658228216,0.02291860306490825,0.040882543802725504,0.026825624277690054,1
0.0,0.02798798733683158,0.0,0.17221418234442834,0.7297297297297298,1.0,1.0,0.0,1.0,0.0,0.0,1.0,0.0135461881317913,0.03087299892257706,0.0772225827384815,0.13885236579358332,1
0.0,0.3803178802203041,0.0,0.3371924746743849,0.7297297297297298,0.0,1.0,0.0,0.0,0.0,1.0,0.0,0.3291141084277682,0.34107057418408754,0.15120051914341337,0.03074296670332898,1
0.6666666666666666,0.07102974977232311,0.0,0.14616497829232994,0.7297297297297298,0.0,1.0,0.0,0.0,0.0,0.0,0.0,0.05209698876491779,0.011686996113879897,0.06554185593770279,0.06354543351804713,1
0.0,0.03882974109892012,0.044711642306861546,0.1374819102749638,0.7297297297297298,0.0,0.0,0.0,0.0,0.0,0.0,1.0,0.06848350666627824,0.08487539240029059,0.06164828033744323,0.04940254804629755,1
0.0,0.02256711045578731,0.07041543667650658,0.1215629522431259,0.7297297297297298,0.0,1.0,1.0,1.0,0.0,0.0,1.0,0.0799176547130053,0.09611495374717662,0.054510058403634,0.038672272420739964,1
0.0,0.05961880393772491,0.0,0.09406657018813314,0.7297297297297298,1.0,1.0,0.0,0.0,0.0,0.0,1.0,0.041876656859032246,0.058721338820275554,0.04218040233614536,0.047076177683096174,1
0.0,0.13776074417797812,0.10399116807065543,0.1606367583212735,0.32432432432432434,1.0,1.0,0.0,0.0,1.0,0.0,1.0,0.21705460230527962,0.2309181003470899,0.14990266060999352,0.046508692795236756,1
1.0,0.11607723665380101,0.0,0.12301013024602024,0.7297297297297298,1.0,1.0,1.0,0.0,0.0,0.0,1.0,0.09244423728648972,0.014467057466135146,0.05515898767034393,0.0347414923417931,1
1.0,0.05365583936857622,0.039935680514555885,0.08827785817655572,0.32432432432432434,0.0,1.0,1.0,1.0,0.0,0.0,1.0,0.07693166700653518,0.010654913251347368,0.08500973393900066,0.06287785657264117,1
0.0,0.06970163493646726,0.033023735810113516,0.06657018813314038,0.7297297297297298,1.0,1.0,1.0,0.0,0.0,0.0,0.0,0.08431166914285158,0.10043419069789078,0.029850746268656716,0.01957603499309905,1
0.0,0.06926796478598372,0.07751937984496124,0.2069464544138929,0.7297297297297298,0.0,1.0,1.0,1.0,0.0,0.0,0.0,0.12893155048018567,0.14429472945707658,0.0927968851395198,0.04513954533021349,1
0.0,0.12952101131879082,0.0,0.35600578871201155,0.7297297297297298,1.0,1.0,1.0,0.0,0.0,0.0,1.0,0.10448529340363756,0.1202644995710591,0.15963659961064247,0.09453562179822377,1
0.3333333333333333,0.02836744871850468,0.07019943840449276,0.150506512301013,0.7297297297297298,1.0,1.0,1.0,0.0,0.0,0.0,1.0,0.0848943008904555,0.042076765488103574,0.06748864373783257,0.045976607775962464,1
0.0,0.09799861225551837,0.0,0.1085383502170767,0.7297297297297298,1.0,0.0,1.0,0.0,0.0,0.0,0.0,0.07625192996766393,0.09251161242365265,0.048669695003244653,0.035698787526712364,1
0.0,0.11244524914350135,0.03482372141022872,0.22575976845151952,0.7297297297297298,0.0,1.0,1.0,0.0,0.0,0.0,1.0,0.12441615443625521,0.1398561765684974,0.10123296560674885,0.051050567247734074,1
0.0,0.13900754586061828,0.0,0.30246020260492035,0.7297297297297298,0.0,1.0,1.0,1.0,0.0,0.0,0.0,0.11298200638952814,0.12861661522161139,0.1356262167423751,0.07507200680781287,1
